listing_url,new_price
https://www.airbnb.com/rooms/29256,NaN
https://www.airbnb.com/rooms/264776,247.0
https://www.airbnb.com/rooms/264783,198.0
https://www.airbnb.com/rooms/264789,208.0
https://www.airbnb.com/rooms/371150,155.0
https://www.airbnb.com/rooms/379137,195.0
https://www.airbnb.com/rooms/388721,182.0
https://www.airbnb.com/rooms/406725,NaN
https://www.airbnb.com/rooms/439360,134.0
https://www.airbnb.com/rooms/460379,169.0
https://www.airbnb.com/rooms/521359,65.0
https://www.airbnb.com/rooms/526878,195.0
https://www.airbnb.com/rooms/535323,182.0
https://www.airbnb.com/rooms/565214,286.0
https://www.airbnb.com/rooms/607796,NaN
https://www.airbnb.com/rooms/791489,NaN
https://www.airbnb.com/rooms/865843,NaN
https://www.airbnb.com/rooms/978971,NaN
https://www.airbnb.com/rooms/983555,195.0
https://www.airbnb.com/rooms/1143231,221.0
https://www.airbnb.com/rooms/1196568,159.0
https://www.airbnb.com/rooms/1212136,228.0
https://www.airbnb.com/rooms/1241999,206.0
https://www.airbnb.com/rooms/1273740,208.0
https://www.airbnb.com/rooms/1300852,208.0
https://www.airbnb.com/rooms/1360300,215.0
https://www.airbnb.com/rooms/1408306,156.0
https://www.airbnb.com/rooms/1480671,234.0
https://www.airbnb.com/rooms/1821766,208.0
https://www.airbnb.com/rooms/1838318,194.0
https://www.airbnb.com/rooms/1885870,156.0
https://www.airbnb.com/rooms/1985591,286.0
https://www.airbnb.com/rooms/2050488,143.0
https://www.airbnb.com/rooms/2192751,208.0
https://www.airbnb.com/rooms/2216824,189.0
https://www.airbnb.com/rooms/2316355,233.0
https://www.airbnb.com/rooms/2355856,259.0
https://www.airbnb.com/rooms/2531382,184.0
https://www.airbnb.com/rooms/2559816,189.0
https://www.airbnb.com/rooms/2708924,137.0
https://www.airbnb.com/rooms/2733482,139.0
https://www.airbnb.com/rooms/2795795,207.0
https://www.airbnb.com/rooms/2945271,207.0
https://www.airbnb.com/rooms/2971621,260.0
https://www.airbnb.com/rooms/3009705,117.0
https://www.airbnb.com/rooms/3014971,208.0
https://www.airbnb.com/rooms/3067932,169.0
https://www.airbnb.com/rooms/3097141,NaN
https://www.airbnb.com/rooms/3135611,41.0
https://www.airbnb.com/rooms/3195045,195.0
https://www.airbnb.com/rooms/3309117,176.0
https://www.airbnb.com/rooms/3326389,156.0
https://www.airbnb.com/rooms/3336445,142.0
https://www.airbnb.com/rooms/3342409,130.0
https://www.airbnb.com/rooms/3388619,234.0
https://www.airbnb.com/rooms/3390916,247.0
https://www.airbnb.com/rooms/3413200,186.0
https://www.airbnb.com/rooms/3442952,259.0
https://www.airbnb.com/rooms/3460179,130.0
https://www.airbnb.com/rooms/3524782,163.0
https://www.airbnb.com/rooms/3537906,143.0
https://www.airbnb.com/rooms/3549472,NaN
https://www.airbnb.com/rooms/3568412,NaN
https://www.airbnb.com/rooms/3576398,NaN
https://www.airbnb.com/rooms/3582451,124.0
https://www.airbnb.com/rooms/3588066,150.0
https://www.airbnb.com/rooms/3644978,124.0
https://www.airbnb.com/rooms/3780205,195.0
https://www.airbnb.com/rooms/3885413,NaN
https://www.airbnb.com/rooms/3964004,130.0
https://www.airbnb.com/rooms/4015199,169.0
https://www.airbnb.com/rooms/4039731,163.0
https://www.airbnb.com/rooms/4058241,169.0
https://www.airbnb.com/rooms/4063841,208.0
https://www.airbnb.com/rooms/4137009,259.0
https://www.airbnb.com/rooms/4185449,208.0
https://www.airbnb.com/rooms/4391345,NaN
https://www.airbnb.com/rooms/4471850,208.0
https://www.airbnb.com/rooms/4481378,254.0
https://www.airbnb.com/rooms/4573847,130.0
https://www.airbnb.com/rooms/4690934,184.0
https://www.airbnb.com/rooms/4827888,130.0
https://www.airbnb.com/rooms/4861630,156.0
https://www.airbnb.com/rooms/4938273,143.0
https://www.airbnb.com/rooms/4982166,129.0
https://www.airbnb.com/rooms/5001080,390.0
https://www.airbnb.com/rooms/5321868,NaN
https://www.airbnb.com/rooms/5452047,163.0
https://www.airbnb.com/rooms/5523025,NaN
https://www.airbnb.com/rooms/5640859,NaN
https://www.airbnb.com/rooms/5657066,195.0
https://www.airbnb.com/rooms/5703142,234.0
https://www.airbnb.com/rooms/5736974,98.0
https://www.airbnb.com/rooms/5745580,130.0
https://www.airbnb.com/rooms/5792774,143.0
https://www.airbnb.com/rooms/6030134,228.0
https://www.airbnb.com/rooms/6047443,293.0
https://www.airbnb.com/rooms/6151547,168.0
https://www.airbnb.com/rooms/6161609,254.0
https://www.airbnb.com/rooms/6258884,194.0
https://www.airbnb.com/rooms/6273480,143.0
https://www.airbnb.com/rooms/6326308,NaN
https://www.airbnb.com/rooms/6327125,NaN
https://www.airbnb.com/rooms/6330749,195.0
https://www.airbnb.com/rooms/6345164,NaN
https://www.airbnb.com/rooms/6347195,234.0
https://www.airbnb.com/rooms/6391074,NaN
https://www.airbnb.com/rooms/6394851,NaN
https://www.airbnb.com/rooms/6447487,156.0
https://www.airbnb.com/rooms/6606170,208.0
https://www.airbnb.com/rooms/6636402,195.0
https://www.airbnb.com/rooms/6859584,NaN
https://www.airbnb.com/rooms/6891415,NaN
https://www.airbnb.com/rooms/6896290,NaN
https://www.airbnb.com/rooms/6910576,215.0
https://www.airbnb.com/rooms/6955291,208.0
https://www.airbnb.com/rooms/6955680,NaN
https://www.airbnb.com/rooms/6971621,130.0
https://www.airbnb.com/rooms/6992013,195.0
https://www.airbnb.com/rooms/7091305,182.0
https://www.airbnb.com/rooms/7126039,130.0
https://www.airbnb.com/rooms/7152196,165.0
https://www.airbnb.com/rooms/7154521,189.0
https://www.airbnb.com/rooms/7171920,195.0
https://www.airbnb.com/rooms/7185466,163.0
https://www.airbnb.com/rooms/7313206,NaN
https://www.airbnb.com/rooms/7333424,195.0
https://www.airbnb.com/rooms/7342826,169.0
https://www.airbnb.com/rooms/7357858,143.0
https://www.airbnb.com/rooms/7436292,247.0
https://www.airbnb.com/rooms/7448237,260.0
https://www.airbnb.com/rooms/7458828,156.0
https://www.airbnb.com/rooms/7528865,221.0
https://www.airbnb.com/rooms/7557414,117.0
https://www.airbnb.com/rooms/7570650,143.0
https://www.airbnb.com/rooms/7590992,208.0
https://www.airbnb.com/rooms/7613370,257.0
https://www.airbnb.com/rooms/7650997,228.0
https://www.airbnb.com/rooms/7707083,233.0
https://www.airbnb.com/rooms/7721848,NaN
https://www.airbnb.com/rooms/7843089,142.0
https://www.airbnb.com/rooms/7876168,130.0
https://www.airbnb.com/rooms/7941795,NaN
https://www.airbnb.com/rooms/8020886,91.0
https://www.airbnb.com/rooms/8143736,246.0
https://www.airbnb.com/rooms/8169704,163.0
https://www.airbnb.com/rooms/8208610,247.0
https://www.airbnb.com/rooms/8229074,143.0
https://www.airbnb.com/rooms/8243905,195.0
https://www.airbnb.com/rooms/8299177,180.0
https://www.airbnb.com/rooms/8365825,NaN
https://www.airbnb.com/rooms/8370008,234.0
https://www.airbnb.com/rooms/8469358,195.0
https://www.airbnb.com/rooms/8560103,176.0
https://www.airbnb.com/rooms/8603747,182.0
https://www.airbnb.com/rooms/8649731,87.0
https://www.airbnb.com/rooms/8668760,65.0
https://www.airbnb.com/rooms/8700156,260.0
https://www.airbnb.com/rooms/8757838,254.0
https://www.airbnb.com/rooms/8790699,169.0
https://www.airbnb.com/rooms/8883225,208.0
https://www.airbnb.com/rooms/9094594,156.0
https://www.airbnb.com/rooms/9145394,195.0
https://www.airbnb.com/rooms/9145797,254.0
https://www.airbnb.com/rooms/9170039,228.0
https://www.airbnb.com/rooms/9264938,259.0
https://www.airbnb.com/rooms/9308992,208.0
https://www.airbnb.com/rooms/9379633,195.0
https://www.airbnb.com/rooms/9384204,195.0
https://www.airbnb.com/rooms/9411064,182.0
https://www.airbnb.com/rooms/9439634,126.0
https://www.airbnb.com/rooms/9476054,100.0
https://www.airbnb.com/rooms/9589833,132.0
https://www.airbnb.com/rooms/9633205,182.0
https://www.airbnb.com/rooms/9705518,190.0
https://www.airbnb.com/rooms/9802819,195.0
https://www.airbnb.com/rooms/9816629,107.0
https://www.airbnb.com/rooms/9923070,208.0
https://www.airbnb.com/rooms/9973678,202.0
https://www.airbnb.com/rooms/10009114,195.0
https://www.airbnb.com/rooms/10123472,259.0
https://www.airbnb.com/rooms/10269152,163.0
https://www.airbnb.com/rooms/10742335,241.0
https://www.airbnb.com/rooms/10780104,207.0
https://www.airbnb.com/rooms/10784732,163.0
https://www.airbnb.com/rooms/10816925,260.0
https://www.airbnb.com/rooms/10914507,235.0
https://www.airbnb.com/rooms/10936612,NaN
https://www.airbnb.com/rooms/11018599,286.0
https://www.airbnb.com/rooms/11041223,208.0
https://www.airbnb.com/rooms/11113747,182.0
https://www.airbnb.com/rooms/11214708,195.0
https://www.airbnb.com/rooms/11237063,111.0
https://www.airbnb.com/rooms/11551479,176.0
https://www.airbnb.com/rooms/11628439,180.0
https://www.airbnb.com/rooms/11688473,180.0
https://www.airbnb.com/rooms/11711358,163.0
https://www.airbnb.com/rooms/11717232,234.0
https://www.airbnb.com/rooms/11819197,195.0
https://www.airbnb.com/rooms/11856809,182.0
https://www.airbnb.com/rooms/11890923,169.0
https://www.airbnb.com/rooms/11955746,247.0
https://www.airbnb.com/rooms/11997151,195.0
https://www.airbnb.com/rooms/12025166,207.0
https://www.airbnb.com/rooms/12075572,130.0
https://www.airbnb.com/rooms/12111712,182.0
https://www.airbnb.com/rooms/12120161,143.0
https://www.airbnb.com/rooms/12141992,156.0
https://www.airbnb.com/rooms/12146972,52.0
https://www.airbnb.com/rooms/12163035,156.0
https://www.airbnb.com/rooms/12193157,77.0
https://www.airbnb.com/rooms/12250201,259.0
https://www.airbnb.com/rooms/12286961,130.0
https://www.airbnb.com/rooms/12296366,130.0
https://www.airbnb.com/rooms/12354549,160.0
https://www.airbnb.com/rooms/12416752,247.0
https://www.airbnb.com/rooms/12460143,247.0
https://www.airbnb.com/rooms/12463092,102.0
https://www.airbnb.com/rooms/12524570,150.0
https://www.airbnb.com/rooms/12702282,241.0
https://www.airbnb.com/rooms/12705486,169.0
https://www.airbnb.com/rooms/12772857,195.0
https://www.airbnb.com/rooms/12786625,130.0
https://www.airbnb.com/rooms/12800036,390.0
https://www.airbnb.com/rooms/12827234,104.0
https://www.airbnb.com/rooms/12903959,247.0
https://www.airbnb.com/rooms/12940973,130.0
https://www.airbnb.com/rooms/12994614,208.0
https://www.airbnb.com/rooms/13035508,86.0
https://www.airbnb.com/rooms/13108643,206.0
https://www.airbnb.com/rooms/13135018,245.0
https://www.airbnb.com/rooms/13164117,228.0
https://www.airbnb.com/rooms/13216594,234.0
https://www.airbnb.com/rooms/13264288,195.0
https://www.airbnb.com/rooms/13304557,137.0
https://www.airbnb.com/rooms/13321242,63.0
https://www.airbnb.com/rooms/13525827,143.0
https://www.airbnb.com/rooms/13554539,120.0
https://www.airbnb.com/rooms/13593971,NaN
https://www.airbnb.com/rooms/13598348,104.0
https://www.airbnb.com/rooms/13620282,195.0
https://www.airbnb.com/rooms/13680661,195.0
https://www.airbnb.com/rooms/13703593,233.0
https://www.airbnb.com/rooms/13709397,NaN
https://www.airbnb.com/rooms/13710411,234.0
https://www.airbnb.com/rooms/13722386,299.0
https://www.airbnb.com/rooms/13723451,156.0
https://www.airbnb.com/rooms/13728776,143.0
https://www.airbnb.com/rooms/13747708,182.0
https://www.airbnb.com/rooms/13804551,150.0
https://www.airbnb.com/rooms/13844389,156.0
https://www.airbnb.com/rooms/13888902,156.0
https://www.airbnb.com/rooms/13890005,163.0
https://www.airbnb.com/rooms/13892179,173.0
https://www.airbnb.com/rooms/13906520,357.0
https://www.airbnb.com/rooms/13906524,409.0
https://www.airbnb.com/rooms/13921771,130.0
https://www.airbnb.com/rooms/13974202,195.0
https://www.airbnb.com/rooms/13988493,190.0
https://www.airbnb.com/rooms/14054851,143.0
https://www.airbnb.com/rooms/14080630,95.0
https://www.airbnb.com/rooms/14164496,182.0
https://www.airbnb.com/rooms/14242045,168.0
https://www.airbnb.com/rooms/14245764,117.0
https://www.airbnb.com/rooms/14347792,128.0
https://www.airbnb.com/rooms/14409513,NaN
https://www.airbnb.com/rooms/14499840,143.0
https://www.airbnb.com/rooms/14564322,NaN
https://www.airbnb.com/rooms/14663488,208.0
https://www.airbnb.com/rooms/14665017,296.0
https://www.airbnb.com/rooms/14753672,195.0
https://www.airbnb.com/rooms/14767844,247.0
https://www.airbnb.com/rooms/14772341,129.0
https://www.airbnb.com/rooms/14919508,150.0
https://www.airbnb.com/rooms/14956021,273.0
https://www.airbnb.com/rooms/15110370,150.0
https://www.airbnb.com/rooms/15154723,156.0
https://www.airbnb.com/rooms/15186715,204.0
https://www.airbnb.com/rooms/15200338,195.0
https://www.airbnb.com/rooms/15212953,208.0
https://www.airbnb.com/rooms/15371872,234.0
https://www.airbnb.com/rooms/15415446,195.0
https://www.airbnb.com/rooms/15533762,221.0
https://www.airbnb.com/rooms/15605980,234.0
https://www.airbnb.com/rooms/15627310,208.0
https://www.airbnb.com/rooms/15631489,168.0
https://www.airbnb.com/rooms/15645420,241.0
https://www.airbnb.com/rooms/15739561,234.0
https://www.airbnb.com/rooms/15762196,93.0
https://www.airbnb.com/rooms/15852660,234.0
https://www.airbnb.com/rooms/15909410,169.0
https://www.airbnb.com/rooms/15986013,150.0
https://www.airbnb.com/rooms/16107904,117.0
https://www.airbnb.com/rooms/16131092,NaN
https://www.airbnb.com/rooms/16132660,156.0
https://www.airbnb.com/rooms/16214972,228.0
https://www.airbnb.com/rooms/16253271,234.0
https://www.airbnb.com/rooms/16319606,195.0
https://www.airbnb.com/rooms/16350155,221.0
https://www.airbnb.com/rooms/16375744,195.0
https://www.airbnb.com/rooms/16427328,NaN
https://www.airbnb.com/rooms/16543413,254.0
https://www.airbnb.com/rooms/16793757,163.0
https://www.airbnb.com/rooms/16803072,NaN
https://www.airbnb.com/rooms/16864847,228.0
https://www.airbnb.com/rooms/16896096,130.0
https://www.airbnb.com/rooms/16913106,124.0
https://www.airbnb.com/rooms/16937039,234.0
https://www.airbnb.com/rooms/17121064,130.0
https://www.airbnb.com/rooms/17168307,257.0
https://www.airbnb.com/rooms/17245990,189.0
https://www.airbnb.com/rooms/17429999,234.0
https://www.airbnb.com/rooms/17431697,228.0
https://www.airbnb.com/rooms/17448897,129.0
https://www.airbnb.com/rooms/17461650,124.0
https://www.airbnb.com/rooms/17470540,293.0
https://www.airbnb.com/rooms/17549728,100.0
https://www.airbnb.com/rooms/17630677,208.0
https://www.airbnb.com/rooms/17639454,117.0
https://www.airbnb.com/rooms/17646858,215.0
https://www.airbnb.com/rooms/17742885,104.0
https://www.airbnb.com/rooms/17774144,252.0
https://www.airbnb.com/rooms/17783701,163.0
https://www.airbnb.com/rooms/17802163,520.0
https://www.airbnb.com/rooms/17821938,107.0
https://www.airbnb.com/rooms/17869763,195.0
https://www.airbnb.com/rooms/17884116,182.0
https://www.airbnb.com/rooms/17917009,234.0
https://www.airbnb.com/rooms/18008264,169.0
https://www.airbnb.com/rooms/18085017,248.0
https://www.airbnb.com/rooms/18137144,228.0
https://www.airbnb.com/rooms/18144750,182.0
https://www.airbnb.com/rooms/18240004,156.0
https://www.airbnb.com/rooms/18305511,NaN
https://www.airbnb.com/rooms/18340446,254.0
https://www.airbnb.com/rooms/18341443,195.0
https://www.airbnb.com/rooms/18405803,181.0
https://www.airbnb.com/rooms/18458866,156.0
https://www.airbnb.com/rooms/18567202,NaN
https://www.airbnb.com/rooms/18610807,220.0
https://www.airbnb.com/rooms/18687811,239.0
https://www.airbnb.com/rooms/18729254,184.0
https://www.airbnb.com/rooms/18746406,104.0
https://www.airbnb.com/rooms/18767444,195.0
https://www.airbnb.com/rooms/18820845,338.0
https://www.airbnb.com/rooms/18869264,416.0
https://www.airbnb.com/rooms/18874741,195.0
https://www.airbnb.com/rooms/18889311,91.0
https://www.airbnb.com/rooms/18893833,234.0
https://www.airbnb.com/rooms/18944949,195.0
https://www.airbnb.com/rooms/18957114,247.0
https://www.airbnb.com/rooms/18970422,182.0
https://www.airbnb.com/rooms/18994607,NaN
https://www.airbnb.com/rooms/19003817,381.0
https://www.airbnb.com/rooms/19005235,163.0
https://www.airbnb.com/rooms/19025348,228.0
https://www.airbnb.com/rooms/19042921,NaN
https://www.airbnb.com/rooms/19063403,NaN
https://www.airbnb.com/rooms/19063744,259.0
https://www.airbnb.com/rooms/19109055,134.0
https://www.airbnb.com/rooms/19112021,124.0
https://www.airbnb.com/rooms/19113673,182.0
https://www.airbnb.com/rooms/19116868,195.0
https://www.airbnb.com/rooms/19125629,174.0
https://www.airbnb.com/rooms/19158799,111.0
https://www.airbnb.com/rooms/19190751,234.0
https://www.airbnb.com/rooms/19199377,233.0
https://www.airbnb.com/rooms/19210572,215.0
https://www.airbnb.com/rooms/19233984,NaN
https://www.airbnb.com/rooms/19278974,265.0
https://www.airbnb.com/rooms/19282489,215.0
https://www.airbnb.com/rooms/19396713,195.0
https://www.airbnb.com/rooms/19399848,130.0
https://www.airbnb.com/rooms/19424407,220.0
https://www.airbnb.com/rooms/19431211,254.0
https://www.airbnb.com/rooms/19437644,91.0
https://www.airbnb.com/rooms/19446226,111.0
https://www.airbnb.com/rooms/19455979,189.0
https://www.airbnb.com/rooms/19476226,182.0
https://www.airbnb.com/rooms/19476336,130.0
https://www.airbnb.com/rooms/19514844,156.0
https://www.airbnb.com/rooms/19528999,221.0
https://www.airbnb.com/rooms/19580697,130.0
https://www.airbnb.com/rooms/19584857,208.0
https://www.airbnb.com/rooms/19635447,129.0
https://www.airbnb.com/rooms/19652367,100.0
https://www.airbnb.com/rooms/19653882,260.0
https://www.airbnb.com/rooms/19693681,234.0
https://www.airbnb.com/rooms/19697430,156.0
https://www.airbnb.com/rooms/19712609,163.0
https://www.airbnb.com/rooms/19773941,228.0
https://www.airbnb.com/rooms/19788571,124.0
https://www.airbnb.com/rooms/19868323,169.0
https://www.airbnb.com/rooms/19904697,195.0
https://www.airbnb.com/rooms/19924043,215.0
https://www.airbnb.com/rooms/19939386,251.0
https://www.airbnb.com/rooms/19940517,216.0
https://www.airbnb.com/rooms/19960296,254.0
https://www.airbnb.com/rooms/19990581,203.0
https://www.airbnb.com/rooms/19999217,325.0
https://www.airbnb.com/rooms/20024436,273.0
https://www.airbnb.com/rooms/20102900,NaN
https://www.airbnb.com/rooms/20127772,106.0
https://www.airbnb.com/rooms/20146150,182.0
https://www.airbnb.com/rooms/20306150,156.0
https://www.airbnb.com/rooms/20390534,182.0
https://www.airbnb.com/rooms/20522003,NaN
https://www.airbnb.com/rooms/20570248,130.0
https://www.airbnb.com/rooms/20682420,208.0
https://www.airbnb.com/rooms/20727997,254.0
https://www.airbnb.com/rooms/20782311,130.0
https://www.airbnb.com/rooms/20795296,195.0
https://www.airbnb.com/rooms/20797949,195.0
https://www.airbnb.com/rooms/20880883,195.0
https://www.airbnb.com/rooms/20899525,107.0
https://www.airbnb.com/rooms/20911856,195.0
https://www.airbnb.com/rooms/20944548,455.0
https://www.airbnb.com/rooms/20966873,98.0
https://www.airbnb.com/rooms/20972794,234.0
https://www.airbnb.com/rooms/21034709,306.0
https://www.airbnb.com/rooms/21052469,129.0
https://www.airbnb.com/rooms/21052595,206.0
https://www.airbnb.com/rooms/21071883,215.0
https://www.airbnb.com/rooms/21208865,228.0
https://www.airbnb.com/rooms/21272031,182.0
https://www.airbnb.com/rooms/21287632,NaN
https://www.airbnb.com/rooms/21306735,325.0
https://www.airbnb.com/rooms/21307576,NaN
https://www.airbnb.com/rooms/21354853,111.0
https://www.airbnb.com/rooms/21367440,117.0
https://www.airbnb.com/rooms/21426260,NaN
https://www.airbnb.com/rooms/21445984,254.0
https://www.airbnb.com/rooms/21468440,169.0
https://www.airbnb.com/rooms/21483616,234.0
https://www.airbnb.com/rooms/21494315,NaN
https://www.airbnb.com/rooms/21523015,234.0
https://www.airbnb.com/rooms/21586607,182.0
https://www.airbnb.com/rooms/21605399,163.0
https://www.airbnb.com/rooms/21609374,143.0
https://www.airbnb.com/rooms/21638892,129.0
https://www.airbnb.com/rooms/21646167,NaN
https://www.airbnb.com/rooms/21679090,260.0
https://www.airbnb.com/rooms/21696252,195.0
https://www.airbnb.com/rooms/21720827,163.0
https://www.airbnb.com/rooms/21745778,169.0
https://www.airbnb.com/rooms/21778952,182.0
https://www.airbnb.com/rooms/21828286,NaN
https://www.airbnb.com/rooms/21849200,208.0
https://www.airbnb.com/rooms/21903526,156.0
https://www.airbnb.com/rooms/21905541,241.0
https://www.airbnb.com/rooms/21940396,286.0
https://www.airbnb.com/rooms/21946729,234.0
https://www.airbnb.com/rooms/21947328,169.0
https://www.airbnb.com/rooms/21992031,202.0
https://www.airbnb.com/rooms/22005946,NaN
https://www.airbnb.com/rooms/22022693,248.0
https://www.airbnb.com/rooms/22059261,247.0
https://www.airbnb.com/rooms/22116515,163.0
https://www.airbnb.com/rooms/22160346,156.0
https://www.airbnb.com/rooms/22200849,221.0
https://www.airbnb.com/rooms/22204645,967.0
https://www.airbnb.com/rooms/22289986,NaN
https://www.airbnb.com/rooms/22329990,285.0
https://www.airbnb.com/rooms/22447847,974.0
https://www.airbnb.com/rooms/22483847,169.0
https://www.airbnb.com/rooms/22506089,195.0
https://www.airbnb.com/rooms/22598925,73.0
https://www.airbnb.com/rooms/22705523,221.0
https://www.airbnb.com/rooms/22726195,195.0
https://www.airbnb.com/rooms/22730722,195.0
https://www.airbnb.com/rooms/22732065,NaN
https://www.airbnb.com/rooms/22750191,NaN
https://www.airbnb.com/rooms/22804772,234.0
https://www.airbnb.com/rooms/22831153,78.0
https://www.airbnb.com/rooms/22839083,169.0
https://www.airbnb.com/rooms/22877489,163.0
https://www.airbnb.com/rooms/22877491,163.0
https://www.airbnb.com/rooms/22913825,156.0
https://www.airbnb.com/rooms/22951907,130.0
https://www.airbnb.com/rooms/22963124,NaN
https://www.airbnb.com/rooms/23004650,133.0
https://www.airbnb.com/rooms/23055037,200.0
https://www.airbnb.com/rooms/23195861,195.0
https://www.airbnb.com/rooms/23261330,225.0
https://www.airbnb.com/rooms/23265110,195.0
https://www.airbnb.com/rooms/23272397,325.0
https://www.airbnb.com/rooms/23294046,234.0
https://www.airbnb.com/rooms/23314023,215.0
https://www.airbnb.com/rooms/23356736,254.0
https://www.airbnb.com/rooms/23364140,228.0
https://www.airbnb.com/rooms/23434067,256.0
https://www.airbnb.com/rooms/23445533,161.0
https://www.airbnb.com/rooms/23454168,103.0
https://www.airbnb.com/rooms/23473298,181.0
https://www.airbnb.com/rooms/23497279,234.0
https://www.airbnb.com/rooms/23537290,121.0
https://www.airbnb.com/rooms/23637013,247.0
https://www.airbnb.com/rooms/23645146,NaN
https://www.airbnb.com/rooms/23668213,286.0
https://www.airbnb.com/rooms/23747900,228.0
https://www.airbnb.com/rooms/23781779,229.0
https://www.airbnb.com/rooms/23788667,273.0
https://www.airbnb.com/rooms/23798972,NaN
https://www.airbnb.com/rooms/23801436,100.0
https://www.airbnb.com/rooms/23809331,103.0
https://www.airbnb.com/rooms/23825943,182.0
https://www.airbnb.com/rooms/23857705,195.0
https://www.airbnb.com/rooms/23877381,234.0
https://www.airbnb.com/rooms/23896130,195.0
https://www.airbnb.com/rooms/23920325,156.0
https://www.airbnb.com/rooms/23922685,156.0
https://www.airbnb.com/rooms/23963573,189.0
https://www.airbnb.com/rooms/24077088,254.0
https://www.airbnb.com/rooms/24182013,196.0
https://www.airbnb.com/rooms/24215446,221.0
https://www.airbnb.com/rooms/24248825,195.0
https://www.airbnb.com/rooms/24321571,234.0
https://www.airbnb.com/rooms/24341001,182.0
https://www.airbnb.com/rooms/24529348,NaN
https://www.airbnb.com/rooms/24555524,156.0
https://www.airbnb.com/rooms/24592843,130.0
https://www.airbnb.com/rooms/24615874,169.0
https://www.airbnb.com/rooms/24735277,195.0
https://www.airbnb.com/rooms/24752793,237.0
https://www.airbnb.com/rooms/24767904,226.0
https://www.airbnb.com/rooms/24860726,116.0
https://www.airbnb.com/rooms/24875647,195.0
https://www.airbnb.com/rooms/24893201,195.0
https://www.airbnb.com/rooms/24941310,NaN
https://www.airbnb.com/rooms/24964873,325.0
https://www.airbnb.com/rooms/25067533,195.0
https://www.airbnb.com/rooms/25078849,195.0
https://www.airbnb.com/rooms/25092638,NaN
https://www.airbnb.com/rooms/25129647,208.0
https://www.airbnb.com/rooms/25136425,234.0
https://www.airbnb.com/rooms/25221332,228.0
https://www.airbnb.com/rooms/25222738,167.0
https://www.airbnb.com/rooms/25274234,102.0
https://www.airbnb.com/rooms/25276953,259.0
https://www.airbnb.com/rooms/25285084,293.0
https://www.airbnb.com/rooms/25309577,195.0
https://www.airbnb.com/rooms/25315864,282.0
https://www.airbnb.com/rooms/25338431,NaN
https://www.airbnb.com/rooms/25339003,234.0
https://www.airbnb.com/rooms/25348879,195.0
https://www.airbnb.com/rooms/25362100,234.0
https://www.airbnb.com/rooms/25390598,NaN
https://www.airbnb.com/rooms/25457100,286.0
https://www.airbnb.com/rooms/25532287,228.0
https://www.airbnb.com/rooms/25730383,182.0
https://www.airbnb.com/rooms/25766183,195.0
https://www.airbnb.com/rooms/25779440,117.0
https://www.airbnb.com/rooms/25864089,396.0
https://www.airbnb.com/rooms/25926779,NaN
https://www.airbnb.com/rooms/25945984,NaN
https://www.airbnb.com/rooms/25952542,234.0
https://www.airbnb.com/rooms/26019016,176.0
https://www.airbnb.com/rooms/26048616,234.0
https://www.airbnb.com/rooms/26055998,234.0
https://www.airbnb.com/rooms/26059549,91.0
https://www.airbnb.com/rooms/26069102,130.0
https://www.airbnb.com/rooms/26098103,195.0
https://www.airbnb.com/rooms/26123218,260.0
https://www.airbnb.com/rooms/26135157,168.0
https://www.airbnb.com/rooms/26216687,221.0
https://www.airbnb.com/rooms/26220223,130.0
https://www.airbnb.com/rooms/26267731,163.0
https://www.airbnb.com/rooms/26287211,87.0
https://www.airbnb.com/rooms/26311464,255.0
https://www.airbnb.com/rooms/26314419,194.0
https://www.airbnb.com/rooms/26383327,195.0
https://www.airbnb.com/rooms/26421685,208.0
https://www.airbnb.com/rooms/26545253,195.0
https://www.airbnb.com/rooms/26566031,254.0
https://www.airbnb.com/rooms/26579928,357.0
https://www.airbnb.com/rooms/26592097,195.0
https://www.airbnb.com/rooms/26595774,NaN
https://www.airbnb.com/rooms/26597049,156.0
https://www.airbnb.com/rooms/26621784,390.0
https://www.airbnb.com/rooms/26637548,208.0
https://www.airbnb.com/rooms/26728894,NaN
https://www.airbnb.com/rooms/26857128,259.0
https://www.airbnb.com/rooms/26863803,195.0
https://www.airbnb.com/rooms/26891765,NaN
https://www.airbnb.com/rooms/26911035,129.0
https://www.airbnb.com/rooms/26947062,191.0
https://www.airbnb.com/rooms/26976265,247.0
https://www.airbnb.com/rooms/27015807,154.0
https://www.airbnb.com/rooms/27045066,65.0
https://www.airbnb.com/rooms/27076909,NaN
https://www.airbnb.com/rooms/27081316,111.0
https://www.airbnb.com/rooms/27122435,228.0
https://www.airbnb.com/rooms/27166098,234.0
https://www.airbnb.com/rooms/27214035,714.0
https://www.airbnb.com/rooms/27272939,163.0
https://www.airbnb.com/rooms/27391441,NaN
https://www.airbnb.com/rooms/27516421,168.0
https://www.airbnb.com/rooms/27539174,111.0
https://www.airbnb.com/rooms/27571132,NaN
https://www.airbnb.com/rooms/27619136,NaN
https://www.airbnb.com/rooms/27686787,NaN
https://www.airbnb.com/rooms/27695900,NaN
https://www.airbnb.com/rooms/27728221,NaN
https://www.airbnb.com/rooms/27776173,195.0
https://www.airbnb.com/rooms/27782723,195.0
https://www.airbnb.com/rooms/27832815,130.0
https://www.airbnb.com/rooms/27950537,NaN
https://www.airbnb.com/rooms/27982101,NaN
https://www.airbnb.com/rooms/28023291,NaN
https://www.airbnb.com/rooms/28046391,156.0
https://www.airbnb.com/rooms/28067711,234.0
https://www.airbnb.com/rooms/28099721,130.0
https://www.airbnb.com/rooms/28149935,85.0
https://www.airbnb.com/rooms/28152952,181.0
https://www.airbnb.com/rooms/28241185,117.0
https://www.airbnb.com/rooms/28242290,263.0
https://www.airbnb.com/rooms/28303758,204.0
https://www.airbnb.com/rooms/28335900,156.0
https://www.airbnb.com/rooms/28377065,160.0
https://www.airbnb.com/rooms/28451660,NaN
https://www.airbnb.com/rooms/28453654,NaN
https://www.airbnb.com/rooms/28474357,NaN
https://www.airbnb.com/rooms/28539603,NaN
https://www.airbnb.com/rooms/28553842,195.0
https://www.airbnb.com/rooms/28556982,194.0
https://www.airbnb.com/rooms/28583400,208.0
https://www.airbnb.com/rooms/28595161,208.0
https://www.airbnb.com/rooms/28602237,259.0
https://www.airbnb.com/rooms/28649805,208.0
https://www.airbnb.com/rooms/28653704,234.0
https://www.airbnb.com/rooms/28712084,130.0
https://www.airbnb.com/rooms/28758526,98.0
https://www.airbnb.com/rooms/28804586,135.0
https://www.airbnb.com/rooms/28808665,182.0
https://www.airbnb.com/rooms/28831685,169.0
https://www.airbnb.com/rooms/28835736,NaN
https://www.airbnb.com/rooms/28879703,325.0
https://www.airbnb.com/rooms/28884498,234.0
https://www.airbnb.com/rooms/28887000,NaN
https://www.airbnb.com/rooms/28896782,242.0
https://www.airbnb.com/rooms/29059814,NaN
https://www.airbnb.com/rooms/29060134,90.0
https://www.airbnb.com/rooms/29119340,222.0
https://www.airbnb.com/rooms/29180997,137.0
https://www.airbnb.com/rooms/29259376,211.0
https://www.airbnb.com/rooms/29281489,228.0
https://www.airbnb.com/rooms/29300918,143.0
https://www.airbnb.com/rooms/29305485,NaN
https://www.airbnb.com/rooms/29307895,148.0
https://www.airbnb.com/rooms/29358893,194.0
https://www.airbnb.com/rooms/29459620,NaN
https://www.airbnb.com/rooms/29483294,NaN
https://www.airbnb.com/rooms/29487001,NaN
https://www.airbnb.com/rooms/29499188,195.0
https://www.airbnb.com/rooms/29504224,208.0
https://www.airbnb.com/rooms/29513236,91.0
https://www.airbnb.com/rooms/29559755,217.0
https://www.airbnb.com/rooms/29605274,195.0
https://www.airbnb.com/rooms/29621262,124.0
https://www.airbnb.com/rooms/29643386,233.0
https://www.airbnb.com/rooms/29650866,156.0
https://www.airbnb.com/rooms/29655887,169.0
https://www.airbnb.com/rooms/29684559,NaN
https://www.airbnb.com/rooms/29730181,124.0
https://www.airbnb.com/rooms/29769655,137.0
https://www.airbnb.com/rooms/29841575,390.0
https://www.airbnb.com/rooms/29854662,190.0
https://www.airbnb.com/rooms/29859910,117.0
https://www.airbnb.com/rooms/29892964,182.0
https://www.airbnb.com/rooms/29927341,169.0
https://www.airbnb.com/rooms/29927728,98.0
https://www.airbnb.com/rooms/29999773,195.0
https://www.airbnb.com/rooms/30059662,286.0
https://www.airbnb.com/rooms/30120203,221.0
https://www.airbnb.com/rooms/30139313,163.0
https://www.airbnb.com/rooms/30174126,221.0
https://www.airbnb.com/rooms/30196560,143.0
https://www.airbnb.com/rooms/30198141,575.0
https://www.airbnb.com/rooms/30249968,195.0
https://www.airbnb.com/rooms/30282573,NaN
https://www.airbnb.com/rooms/30346189,195.0
https://www.airbnb.com/rooms/30370295,263.0
https://www.airbnb.com/rooms/30373362,130.0
https://www.airbnb.com/rooms/30387475,129.0
https://www.airbnb.com/rooms/30432300,182.0
https://www.airbnb.com/rooms/30438885,195.0
https://www.airbnb.com/rooms/30444904,139.0
https://www.airbnb.com/rooms/30467122,168.0
https://www.airbnb.com/rooms/30503194,247.0
https://www.airbnb.com/rooms/30518856,208.0
https://www.airbnb.com/rooms/30527696,NaN
https://www.airbnb.com/rooms/30565080,NaN
